{"name":"Configure SSH Connectivity - Advanced","description":"Guide to set up SSH connectivity to send commands and scripts to remote-nodes.","steps":[{"nextStepUrl":"menu/storage","updateKey":1652461363967,"title":"Welcome","content":"<h5 id=\"welcome\">Welcome</h5>\n<p>This guide will walk you through the configuration of connecting to remote-nodes using SSH.</p>\n<p>This \"Advanced\" guide walks through the steps of setting up SSH on a subset of Nodes within a project - whereas the basic SSH Tour configures SSH for the whole project.</p>\n<p>If you are using the Runbook Automation (SaaS) product, then be sure to <strong>install an <a href=\"https://docs.rundeck.com/docs/administration/runner\">Enterprise Runner</a></strong> in the environment where your remote-nodes reside.</p>\n<p>Click <strong>Next</strong>.</p>"},{"currentUrl":"menu/storage","nextStepUrl":"project/automated-diagnostics/nodes/sources","title":"Add SSH Key to Key Storage","content":"<p>Click on <strong>Add of Upload a Key</strong>.</p>\n<p>If using key-based authentication, then select <strong>Private Key</strong> and either copy the private key in or use the <strong>Upload File</strong> option.</p>\n<p>Otherwise, select the <strong>Password</strong> Key Type and paste in the SSH password.</p>\n<p>Specify a name for the password and then click <strong>Save</strong>.</p>\n<p>Click <strong>Next</strong>.</p>"},{"currentUrl":"project/automated-diagnostics/nodes/sources","title":"Add SSH Private Key to Node Source","content":"<p>This guide assumes that you have already added a Node Source, such as the <strong>AWS EC2 Resources</strong> to the project. If not, follow the <strong>Configure EC2 Inventory</strong> tour or use one of the other Node Sources.</p>\n<p>If you used a Private Key, copy the following into the <strong>Mapping Params Field</strong>:</p>\n<pre><code>ssh-key-storage-path.default=keys/MY_SSH_KEY;username.default=SSH_USERNAME;node-executor.default=jsch-ssh</code></pre>\n<p>Change <code>MY_SSH_KEY</code> to be the name you chose for the Private Key in Key Storage. Change <code>SSH_USERNAME</code> to be the SSH username associated with that private key.</p>\n<p>If you used a password, click <strong>Next</strong>.</p>\n<p>Otherwise, click <strong>Save</strong> on the Node Source and then <strong>Save</strong> at the bottom of the page.</p>\n<p>Click <strong>Next</strong>.</p>"},{"currentUrl":"project/automated-diagnostics/nodes/sources","title":"Add SSH Password to Node Source","content":"<p>If you added an SSH Password to Key Storage, then copy the following into the <strong>Mapping Params</strong> field:</p>\n<pre><code>ssh-password-storage-path.default=keys/MY_SSH_KEY;username.default=SSH_USERNAME;node-executor.default=jsch-ssh;ssh-authentication.default=password</code></pre>\n<p>Change <code>MY_SSH_KEY</code> to be the name you chose for the SSH Password in Key Storage. Change <code>SSH_USERNAME</code> to be the SSH username associated with that password.</p>\n<p>Click <strong>Save</strong> on the Node Source.</p>\n<p>Click <strong>Save</strong> at the bottom of the page.</p>\n<p>Click <strong>Next</strong>.</p>"},{"currentUrl":"project/automated-diagnostics/nodes/sources","title":"Advanced SSH Configuration Options","content":"<p>There are additional (optional) SSH configuration items that can be applied, such as adding a <strong>sudo password</strong> or a <strong>private key passphrase</strong>.</p>\n<p>To configure those, and other, options, see <a href=\"https://docs.rundeck.com/docs/manual/projects/node-execution/ssh.html\">this documentation</a>.</p>\n<p>The easiest way to set those properties is by navigating to <strong>Project Settings -> Edit Configuration -> Edit Configuration File</strong>.</p>\n<p>Add properties such as</p>\n<pre><code>project.sudo-command-enabled</code></pre>\n<p>and then click <strong>Save</strong>.</p>\n<p>Click <strong>Next</strong> to go to the next step in the Tour.</p>"}],"key":"Configure_SSH_Connectivity","enabled":true}