{"name":"Configure AWS Credentials","description":"Configure AWS Credentials for the Job Step Plugins for the Automated-Diagnostics Project","steps":[{"stepIndicatorPosition":"left","currentUrl":"project/automated-diagnostics/home","nextStepUrl":"menu/storage","title":"Welcome","content":"<h5 id=\"configuring-aws-credentials\">Configuring AWS Credentials</h5>\n<p>This guided tour will walk you through configuring your AWS Credentials for the Automated Diagnostics Project.</p>\n<p>Start by clicking on <strong>Next</strong>.</p>"},{"stepIndicatorPosition":"left","currentUrl":"menu/storage","nextStepUrl":"project/automated-diagnostics/configure","title":"Add AWS Secret Key","content":"<h5 id=\"add-aws-secret-key\">Add AWS Secret Key</h5>\n<p>Click <strong>Add Or Upload a Key</strong> on the far left.</p>\n<p>Select <strong><em>Password</em></strong> as the <strong>Key Type</strong>.</p>\n<p>Paste your AWS Secret Key into the <strong>Enter Text</strong> field.</p>\n<p>Name the key <strong><code>automated-diagnostics-aws-secret</code></strong>.</p>\n<p>Leave the <strong>Storage Path</strong> field blank and click <strong>Save</strong>.</p>\n<p>Then click <strong>Next</strong>.</p>"},{"currentUrl":"project/automated-diagnostics/configure","nextStepUrl":"project/automated-diagnostics/jobs","title":"Modify AWS Credential Placeholders in Project Configuration","content":"<h5 id=\"specify-access-key-in-project\">Specify Access Key in Project</h5>\n<p>This is the Project Configuration Page. In order to specify the AWS credentials for the Project, click on <strong><code>Edit Configuration File</code></strong>.</p>\n<p>Modify the <code>project.aws.access_key</code> property to be your AWS Access Key ID.</p>\n<p>You can leave <code>project.aws.secret_key_path</code> as is, assuming the recommended naming-convention was used in the prior step. If you named the Secret something else, go ahead and change this property as well.</p>"},{"stepIndicatorPosition":"","currentUrl":"project/automated-diagnostics/jobs","nextStepUrl":"","updateKey":1651020601516,"stepIndicator":"","title":"Test Job with AWS Credentials","content":"<h5 id=\"test-configuration\">Test Configuration</h5>\n<p>Let's test that the credentials are set up properly by executing one of the Jobs below.</p>"}],"key":"Configure_AWS_Credentials","enabled":true}