{"name":"Send Diagnostic Data to PagerDuty","description":"Guide users through integrating the Automated-Diagnostics Project with their PagerDuty Account","steps":[{"title":"Welcome","content":"<h5 id=\"welcome\">Welcome!</h5>\n<p>This tour will guide you through integrating Runbook Automation with PagerDuty Incident Response.</p>\n<p>The integration will allow you to automate tasks such as updating Incidents and managing users.</p>\n<p>Let's get started.  Click <strong>Next</strong>.</p>"},{"title":"Generate PD API Token","content":"<p>In order to automate tasks in PagerDuty, you will need an API Token.</p>\n<p>This can be a <a href=\"https://support.pagerduty.com/docs/api-access-keys#section-generate-a-general-access-rest-api-key\"><strong>general access key</strong></a> or it can be a <a href=\"https://support.pagerduty.com/docs/api-access-keys#generate-a-user-token-rest-api-key\"><strong>User Token API Key</strong></a>.</p>\n<p>For this guide, it is best if the API Key is a \"Full Access\" key, rather than a read-only key.</p>\n<p>Once you have an API Key ready, click <strong>Next</strong>.</p>"},{"currentUrl":"menu/storage","title":"Add API Token to Key Storage","content":"<p>Click on the <strong>Projects</strong> dropdown.</p>\n<p>Click on <strong>automated-diagnostics</strong>.</p>\n<p>Click on <strong>Add or Upload a Key</strong>.</p>\n<p>Select the <strong>Key Type</strong> dropdown and select <strong>Password</strong>.</p>\n<p>Place your PagerDuty API Token into the Password field.</p>\n<p>Name the key - for example, <code>pd-api-token</code>.</p>\n<p>Click <strong>Save</strong> and then click <strong>Next</strong>.</p>"},{"currentUrl":"project/automated-diagnostics/configure","title":"Modify Project Configuration","content":"<p>This is the Project Configuration where you can set project-level integrations.</p>\n<p>If you named your PagerDuty API Token <code>pd-api-token</code> in the last step, then you can skip this step and click <strong>Next</strong>.</p>\n<p>Otherwise, click on <strong>Edit Configuration</strong>.</p>\n<p>Find the following property:</p>\n<pre><code>project.plugin.WorkflowStep.pd-note-step.api_token</code></pre>\n<p>Modify the value after <code>keys/project/automated-diagnostics/</code> to match the name you assigned your API Token in the previous step.</p>\n<p>Click <strong>Save</strong> and then click <strong>Next</strong>.</p>"},{"stepIndicatorPosition":"","currentUrl":"project/automated-diagnostics/jobs","nextStepUrl":"","updateKey":1653357853568,"stepIndicator":"","title":"Test PagerDuty Integration","content":"<p>Now that the PagerDuty API Token is set, let's test the integration.</p>"}],"key":"Send_Diagnostic_Data_to_PagerDuty","enabled":true}