{"name":"Configure Systems Manager (SSM)","description":"Integrate with SSM to send commands and scripts to EC2's","steps":[{"title":"Welcome","content":"<h5 id=\"welcome\">Welcome</h5>\n<p>Welcome to the Systems Manager tour.</p>\n<p>Here you will be guided to integrate with SSM to send commands and scripts to EC2's.</p>\n<p>Click <strong>Next</strong></p>"},{"title":"Ensure EC2's use SSM","content":"<p>Before moving forward, be sure that SSM has been configured within your AWS account for these EC2's.</p>\n<p>If you are unsure, review the <strong>Systems Manager Configuration</strong> section of <a href=\"https://docs.rundeck.com/docs/manual/projects/node-execution/aws-ssm.html#configuration-and-credential-settings\">this doc</a>.</p>\n<p>Once you have confirmed that you can use the <strong>Run Command</strong> function of SSM on your EC2's, click <strong>Next</strong>.</p>"},{"currentUrl":"project/automated-diagnostics/nodes","nextStepUrl":" project/automated-diagnostics/configure","title":"Validate EC2's Present","content":"<p>To start, be sure that your EC2's are already populated in the Node Inventory. Check this by clicking on <strong>All Nodes</strong> beneath <strong>Filters</strong>.</p>\n<p>If your EC2's are not present, then follow the <strong>Configure EC2 Inventory</strong> tour, or use the <a href=\"https://docs.rundeck.com/docs/manual/projects/resource-model-sources/node-wizard.html\"> Node Wizard</a> to add individual EC2's.</p>\n<p>With EC2's present, click <strong>Next</strong>.</p>"},{"currentUrl":"project/automated-diagnostics/configure","nextStepUrl":"project/automated-diagnostics/command/run","title":"Configure Default Node Executor","content":"<p>This is the Project Configuration page where you can set project-wide settings.</p>\n<p>Click on <strong>Default Node Executor</strong>.</p>\n<p>Click the <strong>SSH</strong> dropdown and select:</p>\n<p><strong>AWS / SSM / Node Executor</strong></p>\n<p>Start by filling in the <strong>Access Key ID</strong> and <strong>Secret Key</strong> fields. These fields are only optional if you are self-hosting the <em>Process Automation</em> product.</p>\n<p>Optionally provide a <strong>Cloudwatch LogGroup</strong> to be able to view log-output that exceeds 2500 characters. For more details on this, review the <strong>Optional Node Executor Settings</strong> on <a href=\"https://docs.rundeck.com/docs/manual/projects/node-execution/aws-ssm.html#node-executor\">this page</a>.</p>\n<p>Click <strong>Next</strong>.</p>"},{"currentUrl":"project/automated-diagnostics/command/run","title":"Test Command Sent via SSM","content":"<p>Let's test executing a command on an EC2 using SSM.</p>\n<p>Click the dropdown arrow next to <strong>Nodes</strong> and click <strong>Show all nodes</strong>.</p>\n<p>Click on one of the EC2 instances, and then click the small <strong>arrow</strong> to the right of the instance name.</p>\n<p>There should now be a single EC2 displayed on the page.</p>\n<p>In the <code>Enter a command</code> field, type in a simple unix command, such as <code>pwd</code> or <code>ls -lhr</code>.</p>\n<p>Then click <strong>Run on 1 Node</strong>.</p>\n<p>Click <strong>Next</strong>.</p>"},{"currentUrl":"project/automated-diagnostics/command/run","nextStepUrl":"project/automated-diagnostics/jobs","title":"Verify Success","content":"<p>If the operation was successful, you will see the output below the command field and it will say <strong>Succeeded</strong>.</p>\n<p>If there is an error, it is likely because either the EC2 selected has not been configured to use SSM within your AWS Account, or the credentials provided do not have proper permissions.</p>\n<p>To help troubleshoot, review this <a href=\"https://docs.rundeck.com/docs/manual/projects/node-execution/aws-ssm.html#aws-systems-manager-ssm-node-executor-plugins-enterprise\">documentation</a>.</p>\n<p>If the command successfully executed, click <strong>Next</strong>.</p>"},{"currentUrl":"project/automated-diagnostics/jobs","title":"Test CPU & Memory Diagnostics Job","content":"<p>Now that commands can be sent to EC2's using SSM, we can use specific commands as Job Steps.</p>\n<p>Click on <strong>Top CPU & Memory Consuming Processes</strong> in the Linux group.</p>\n<p>To choose which EC2 instance this Job will run on, click on <strong>Change the Target Nodes</strong> and then click the dropdown arrow to the left of <code>${option.node_filter}</code>.</p>\n<p>Click on <strong>Show all nodes</strong>, then select an individual EC2 by clicking on the instance name and then the <strong>arrow</strong> to the right of the name.</p>\n<p>Click <strong>Next</strong>.</p>"},{"title":"Run CPU & Memory Job","content":"<p>Click <strong>Run Job Now</strong>.</p>\n<p>Click on <strong>Log Output</strong> to view the log output of the commands in this Job.</p>\n<p>Once the Job has completed, the page will say <strong>Succeeded</strong> at the top.</p>\n<p>If there is an error here, but there were no errors when executing the ad-hoc commands such as <code>pwd</code> or <code>ls -lhr</code>, then it might be that the user associated with SSM does not have permissions to execute these commands.</p>\n<p>Use <a href=\"https://docs.rundeck.com/docs/manual/projects/node-execution/aws-ssm.html#configuration-and-credential-settings\">this doc</a> to help resolve SSM specific configuration items.</p>\n<p>Click <strong>Next</strong>.</p>"},{"currentUrl":"project/automated-diagnostics/jobs","updateKey":1653339927028,"title":"Wrap up and Move On","content":"<p>Now that you have successfully executed commands on a linux instance using a Job, you can test out other Jobs that use remote-commands.</p>\n<p>Otherwise, you can check out the <strong>Send Diagnostic Data to PagerDuty</strong> tour. This tour will guide you through using the PagerDuty Integration to publish the diagnostic-data to the Incident Timeline of a PagerDuty Incident.</p>"},{"title":"Congratulations","content":"<h4 id=\"congratulations\">Congratulations!</h4>\n<p>You have finished this tour!</p>\n<p>Click <strong>X</strong> in the upper-right to exit and continue exploring the platform.</p>"}],"key":"Systems_Manager_(SSM)_Integration","enabled":true}