{"name":"6. Expanded Product Concepts","description":"Provide conceptual information on key automation elements such as jobs, nodes, node filters, key storage and activity history.","steps":[{"title":"Start Here","content":"<h3 id=\"system-basics\">System Basics</h3>\n<p>This tour focuses on a few other core concepts that will help you in your automation journey. It is intended for use after the other tours and jobs as a way to help broaden your knowledge of the system.</p>\n<p>For a more thorough overview of the system and many of its features, please review our Welcome project and the accompanying tutorials. It is available <a href=\"https://docs.rundeck.com/docs/learning/#essential-concepts\">here</a>.</p>"},{"stepIndicatorPosition":"left","currentUrl":"project/automated-diagnostics/jobs","title":"Jobs","content":"<h4 id=\"jobs\">Jobs</h4>\n<p>Jobs provide a means to encapsulate a process. A Job is a configuration representing input options, the steps in the process, a filter expression that matches the nodes where those steps will execute, and execution control parameters that specify if steps are run in parallel and what do do if an error occurs in one of the steps.</p>\n<p>PagerDuty Automation lets you organize and execute Jobs and observe the progress as the Job is running. You can view a list of the currently running Jobs or drill down to see the output of individual executing steps. Job executions can also be aborted if they need to be stopped.</p>\n<p>For more details on jobs and how to use them, click <a href=\"https://docs.rundeck.com/docs/manual/04-jobs.html#overview\">here</a>.</p>"},{"stepIndicatorPosition":"left","currentUrl":"project/automated-diagnostics/job/show/cd5aab19-f7d4-4413-b69b-b3e0f0bd4641","title":"Job Definition","content":"<h3 id=\"a-job\">A Job</h3>\n<p>When looking at a specific job like this one, you'll first see what Job Group it belongs to, followed by the Job name.</p>\n<p>Below that, you'll see a description of the job, which is a great place to provide some necessary details for job runners. You can also optionally include a Readme for each job if you need to include more details.</p>"},{"title":"Job Definition Pt 2","content":"<h3 id=\"anatomy-of-a-job-definition\">Anatomy of a Job Definition</h3>\n<p>For now, let's look at the Job Definition. To do so, look for the <strong>Definition</strong> button just above this box on the right and click on it.</p>\n<p><strong>Steps:</strong></p>\n<p>For each step, includes:</p>\n<ul>\n<li>Step Details, such as the command being issued</li>\n<li>Label for the step, summarizing what it does</li>\n<li>Conditional Step Failure</li>\n<li><a href=\"https://docs.rundeck.com/docs/manual/workflow-strategies/ruleset.html#ruleset-workflow-strategy-plugin\">Workflow Strategy</a> for this job</li>\n<li><a href=\"https://docs.rundeck.com/docs/manual/job-options.html\">Options</a> being passed to the job</li>\n<li><a href=\"https://docs.rundeck.com/docs/manual/job-plugins.html\">Plugins</a> used by the job</li>\n<li><a href=\"https://docs.rundeck.com/docs/manual/11-node-filters.html#node-filter-syntax\">Node filter</a> identifying the nodes to be targeted</li>\n<li>The unique job identifier (UUID)</li>\n<li>Created date</li>\n</ul>"},{"currentUrl":"project/automated-diagnostics/job/show/cd5aab19-f7d4-4413-b69b-b3e0f0bd4641","title":"Node Filter","content":"<h3 id=\"node-filter\">Node Filter</h3>\n<p>Click the check-box next to <strong>Change the Target Nodes</strong>.  You'll see an orange message indicating \"No nodes selected.\" Just above that, click the downward pointing triangle and select <strong>*Show all nodes</strong>.</p>\n<p>Servers or other objects that will be targeted by automation jobs are referred to as nodes. Each job identifies which nodes will be targeted based on a node filter. That <a href=\"https://docs.rundeck.com/docs/manual/11-node-filters.html#node-filter-syntax\">node filter</a> is typically based on one or more filter criteria such as system OS or a regular expression based on the name.</p>\n<p>The filter is evaluated each time the job is run so the actual set targeted can change as your node inventory changes.</p>\n<p>Nodes matching the current filter will be displayed in the Nodes section of the Jobs page. If allowed, you can change the nodes for this job run by selecting the <strong>Change the Target Nodes</strong> check-box but the nodes available are always controlled by the filter.</p>"},{"currentUrl":"/project/automated-diagnostics/nodes?filter=.*&filterName=&filterAll=true&page=0&max=20","title":"Nodes Tab","content":"<p><a href=\"https://docs.rundeck.com/docs/manual/05-nodes.html\">Nodes</a> are defined on a per project basis. If you have access to a limited set, you will only see those you have access to.</p>\n<p>You can see details about a particular node by clicking <strong>></strong> next to the node name, which will expand that node's information. When looking at a node, you can change your filtered list by either:</p>\n<ul>\n<li>Clicking the magnifying glass icon next to a specific value OR</li>\n<li>Clicking the plus icon next to a tag</li>\n</ul>\n<p>which should cause the list to only display nodes that mach that value.</p>\n<p><em>Note:</em> As you choose various attribute values or tags to filter by, the \"Filter\" box above your list will update automatically based on those choices. You can then use that filter to set your node filter for a particular job.</p>"},{"currentUrl":"menu/storage","title":"Key Storage","content":"<h3 id=\"key-storage\">Key Storage</h3>\n<p><a href=\"https://docs.rundeck.com/docs/manual/key-storage/key-storage.html#storage-plugins\">Key storage</a> is the portion of the application's database where security elements such as keys and passwords are stored. Keys are stored in an encrypted form and used as needed for node connectivity or in the context of jobs.</p>\n<p>This is a native feature of the automation solution but it can be expanded or replaced with third-party key storage solutions like <a href=\"https://docs.rundeck.com/docs/manual/key-storage/storage-plugins/vault.html\">Hashicorp Vault</a>, <a href=\"https://docs.rundeck.com/docs/manual/key-storage/storage-plugins/thycotic-storage.html#thycotic-storage-plugin-enterprise\">Thycotic</a> and <a href=\"https://docs.rundeck.com/docs/manual/key-storage/storage-plugins/cyberark-storage.html#cyberark-key-storage-plugin-enterprise\">Cyberark</a>.</p>\n<p>Keys can be stored and controlled on per-project basis or at the system level to be available to multiple projects. They can also be organized within those locations by one or more levels of folders.</p>"},{"currentUrl":"project/automated-diagnostics/activity","title":"Activities","content":"<h3 id=\"activities\">Activities</h3>\n<p>One element that you will see in multiple parts of the system are <a href=\"https://docs.rundeck.com/docs/manual/08-activity.html#filtering-activity\">activities</a>. These are the logs for individual executions of jobs over time. We're currently looking at the most recent activities across all jobs in this project but you'll also see the activities for a particular job any time you are looking at that job.</p>\n<p>Clicking on the row for a particular activity will show you the same level of detail you would have seen at the time you ran a particular job.</p>\n<p>Access to all or some activities are (like all other elements in the system) based on access control policies.</p>"},{"currentUrl":"project/automated-diagnostics/nodes/sources","title":"Node Sources","content":"<h3 id=\"node-sources\">Node Sources</h3>\n<p><a href=\"https://docs.rundeck.com/docs/manual/projects/resource-model-sources/\">Node sources</a> are the way to define nodes for each project. Typically handled by a project or system admin, sources are defined in each project's settings area. Node sources are evaluated to populate the Nodes area of the project and to determine nodes targeted by a job's node filter.</p>\n<p>Node sources can be either static (such as an XML file that gets updated with new nodes by someone outside of the automation solution) or dynamic (such as an EC2 node source).</p>\n<p>Among others, potential node sources include:</p>\n<ul>\n<li><a href=\"https://docs.rundeck.com/docs/manual/projects/resource-model-sources/servicenow.html\">ServiceNow CMDB</a></li>\n<li><a href=\"https://docs.rundeck.com/docs/manual/projects/resource-model-sources/ecs-fargate.html\">ECS-Fargate</a></li>\n<li><a href=\"https://docs.rundeck.com/docs/manual/projects/resource-model-sources/azure.html\">Azure</a> virtual machines</li>\n<li><a href=\"https://docs.rundeck.com/docs/learning/howto/using-ansible.html#how-to-integrate-ansible-with-rundeck\">Ansible</a> inventory</li>\n<li><a href=\"https://docs.rundeck.com/docs/manual/projects/resource-model-sources/datadog.html#datadog-node-source-enterprise\">Datadog</a></li>\n</ul>"},{"title":"Where to Go From Here","content":"<h3 id=\"whats-next\">What's next?</h3>\n<p>We hope that this tour has helped you understand a bit more about some of the core concepts related to this automation solution but there is definitely more to learn. Here are a few different places to go to learn more:</p>\n<ul>\n<li>PagerDuty Automation <a href=\"https://docs.rundeck.com/docs/learning/\">Learning Portal</a> This includes how-to content and tuorials </li>\n<li>PagerDuty Automation <a href=\"https://docs.rundeck.com/docs/administration/\">Administrator's Guide</a> Aimed primarily as system admins, focused on installation, tuning and maintenance</li>\n<li>PagerDuty Automation <a href=\"https://docs.rundeck.com/docs/manual/projects/\">User's Guide</a> Aimed at day-to-day users, focused on using and managing projects and jobs </li>\n<li>PagerDuty Automation <a href=\"https://www.youtube.com/watch?v=qCfRM0v7Koo\">You Tube Video</a> An overview of the product interface and common use cases </li>\n</ul>"}],"key":"5._Automation_Concepts","enabled":true}