{"name":"Getting Started with Auto-Diagnostics","description":"Use this tour for basic navigation and core concepts","steps":[{"currentUrl":"project/automated-diagnostics/jobs","title":"Welcome!","content":"<p>Welcome!</p>\n<p>Let's get you up and running with the <strong>Auto-Diagnostics</strong> Solution.</p>\n<p>Here you can see a small list of Jobs that we have provided for you to help you get started.</p>\n<p>Click on the Job: </p>\n<p><strong>Cloud Health Events</strong>.</p>\n<p>Click <strong>Next</strong>.</p>"},{"title":"First Diagnostic Runbook","content":"<h5 id=\"cloud-health-events\">Cloud Health Events</h5>\n<p>This Job retrieves recent events from Public-cloud and SaaS providers.</p>\n<p>Click on <strong>Run Job Now</strong>.</p>\n<p>If there have been any recent incidents by these providers, they will appear in the Job's output. You will also see \u274c signifying that there is an active or recent incident.</p>\n<p>If there are have been no recent events, you will see \u2705 </p>\n<p>Click <strong>Next</strong>.</p>"},{"title":"PagerDuty API Token","content":"<p><strong>Diagnostics In PagerDuty</strong></p>\n<p>Let's add a Pagerduty API Token.</p>\n<p>Click the \u2699\ufe0f in the upper right.</p>\n<p>Click on <strong>Key Storage</strong>.</p>\n<p>Click <strong>+ Add or Upload a Key</strong>.</p>\n<p>Select <strong>Password</strong> for the <code>Key Type</code>.</p>\n<p>Place the API Key into the field.</p>\n<p>Name the key <strong><code>pd-api-key</code></strong>.</p>\n<p>Click <strong>Save</strong>.</p>\n<p>Click <strong>Next</strong>.</p>"},{"currentUrl":"project/automated-diagnostics/configure","nextStepUrl":"menu/storage","title":"PagerDuty Email ","content":"<h5 id=\"user-email\">User Email</h5>\n<p>Next, we'll add a PagerDuty user's email.</p>\n<p>Click on <strong>Edit Configuration</strong>.</p>\n<p>Find the line that starts with <strong><code>project.pd-email</code></strong></p>\n<p>Replace the email address there with a valid PagerDuty user's email.</p>\n<p>Click on <strong>Save</strong> at the bottom of the page.</p>\n<p>Click <strong>Next</strong>.</p>"},{"title":"Invoking from PagerDuty","content":"<h5 id=\"invoke-from-incident\">Invoke from Incident</h5>\n<p>Let's invoke the runbook from PagerDuty and see the Diagnostics in the Incident.</p>\n<p>Navigate back to PagerDuty and invoke the <strong>Cloud Health Events</strong> from an Incident.</p>\n<p>Follow the instructions in the <a href=\"https://docs.rundeck.com/docs/learning/solutions/automated-diagnostics/automation-actions.html\"><strong>Solution Guide</strong></a> to complete the setup.</p>"}],"key":"Welcome!_Start_Here!","enabled":true}