{"name":"Getting Started with Auto-Diagnostics","steps":[{"currentUrl":"project/automated-diagnostics/jobs","title":"Welcome!","content":"<h5 id=\"welcome\">Welcome!</h5>\n<p>Let's get you up and running with the <strong>Auto-Diagnostics</strong> Solution.</p>\n<p>Here you can see a small list of Jobs that we have provided for you to help you get started.</p>\n<p>Click on the Job:<br>\n<strong>Cloud Health Events</strong>.</p>\n<p>Click <strong>Next</strong>.</p>\n<p><br></p>\n<p><em>If you're looking for a platform overview, use the <strong>Expanded Product Concepts</strong> Tour</em>.</p>"},{"title":"First Diagnostic Runbook","content":"<h5 id=\"cloud-health-events\">Cloud Health Events</h5>\n<p>This Job retrieves recent events from Public-cloud and SaaS providers.</p>\n<p>Click on <strong>Run Job Now</strong>.</p>\n<p>If there have been any recent incidents by these providers, they will appear in the Job's output. You will also see \u274c signifying that there is an active or recent incident.</p>\n<p>If there are have been no recent events, you will see \u2705 </p>\n<p>Click <strong>Next</strong>.</p>"},{"title":"PagerDuty API Token","content":"<p><strong>Diagnostics In PagerDuty</strong></p>\n<p>Let's add a Pagerduty API Key.</p>\n<p>Click <strong>Project Settings</strong> in the lower left.</p>\n<p>Click on <strong>Key Storage</strong>.</p>\n<p>Click <strong>+ Add or Upload a Key</strong>.</p>\n<p>Select <strong>Password</strong> for the <code>Key Type</code>.</p>\n<p>Place the API Key into the field.</p>\n<p>Name the key <strong><code>pd-api-key</code></strong>.</p>\n<p>Click <strong>Save</strong>.</p>\n<p>Click <strong>Next</strong>.</p>"},{"currentUrl":"project/automated-diagnostics/configure","nextStepUrl":"menu/storage","title":"PagerDuty Email ","content":"<h5 id=\"user-email\">User Email</h5>\n<p>Next, we'll add a PagerDuty user's email.</p>\n<p>Click on <strong>Edit Configuration</strong>.</p>\n<p>Find the line that starts with <code>project.globals.pd-email</code></p>\n<p>Replace the email address there with a valid PagerDuty user's email.</p>\n<p>Click on <strong>Save</strong> at the bottom of the page.</p>\n<p>Click <strong>Next</strong>.</p>"},{"updateKey":1667928148241,"title":"Invoking from PagerDuty","content":"<h5 id=\"invoke-from-incident\">Invoke from Incident</h5>\n<p>Let's invoke the runbook from PagerDuty and see the Diagnostics in the Incident.</p>\n<p>Navigate back to PagerDuty and invoke the <strong>Cloud Health Events</strong> from an Incident.</p>\n<p>Follow the instructions in the <a href=\"https://docs.rundeck.com/docs/learning/solutions/automated-diagnostics/automation-actions.html\"><strong>Solution Guide</strong></a> to complete the setup. <br></p>\n<p><br></p>\n<p><em>After following the Solution Guide, you can follow the other <strong>Tours</strong> to integrate Runbook Automation with your environment.</em></p>"}],"key":"Welcome!_Start_Here!","enabled":true}