{"name":"1. Configure AWS Credentials","description":"Configure AWS Credentials for the Job Step Plugins for the Automated-Diagnostics Project","steps":[{"stepIndicatorPosition":"left","nextStepUrl":"menu/storage","title":"Welcome","content":"<h5 id=\"configuring-aws-credentials\">Configuring AWS Credentials</h5>\n<p>This guided tour will walk you through configuring your AWS Credentials for the Automated Diagnostics Project.</p>\n<p>Start by clicking on <strong>Next</strong>.</p>"},{"stepIndicatorPosition":"left","currentUrl":"menu/storage","nextStepUrl":"project/automated-diagnostics/configure","title":"Add AWS Secret Key","content":"<h5 id=\"add-aws-secret-key\">Add AWS Secret Key</h5>\n<p>Click on the <strong>Projects</strong> dropdown and then click on <strong>automated-diagnostics</strong>.</p>\n<p>Click <strong>Add Or Upload a Key</strong> on the far left.</p>\n<p>Select <strong><em>Password</em></strong> as the <strong>Key Type</strong>.</p>\n<p>Paste your AWS Secret Key into the <strong>Enter Text</strong> field.</p>\n<p>Name the key <strong><code>automated-diagnostics-aws-secret</code></strong>.</p>\n<p>Leave the <strong>Storage Path</strong> field blank and click <strong>Save</strong>.</p>\n<p>Then click <strong>Next</strong>.</p>"},{"currentUrl":"project/automated-diagnostics/configure","nextStepUrl":"project/automated-diagnostics/jobs","title":"Modify AWS Credential Placeholders in Project Configuration","content":"<h5 id=\"specify-access-key-in-project\">Specify Access Key in Project</h5>\n<p>This is the Project Configuration Page. In order to specify the AWS credentials for the Project, click on <strong><code>Edit Configuration File</code></strong>.</p>\n<p>Modify the <code>project.aws.access_key</code> property to be your AWS Access Key ID.</p>\n<p>You do <em>not</em> have to modify the <strong><code>secret_key_path</code></strong> property if you used the recommended name in the prior step.</p>\n<p>Otherwise, go ahead and change the portion of the property <em>after</em> <strong><code>keys/project/automated-diagnostics</code></strong>.</p>\n<p>Click <strong>Save</strong> and then click <strong>Next</strong>.</p>"},{"currentUrl":"project/automated-diagnostics/jobs","updateKey":1653410848931,"title":"Test Job with AWS Credentials","content":"<h5 id=\"test-configuration\">Test Configuration</h5>\n<p>Let's test that the credentials are set up properly.</p>\n<p>Click on the Job titled <strong>AWS Integration</strong> within the <strong>Validate Integrations</strong>.</p>\n<p>This Job will perform a simple test to confirm whether the credentials provided can authenticate with your AWS account. The test does not require any specific permissions.</p>\n<p>Click on <strong>Run Job Now</strong> then click <strong>Next</strong>.</p>"},{"title":"Validation Success Failure Message","content":"<p>If the Job succeeds, this means that the credentials provided were able to authenticate with your AWS account.</p>\n<p>Optionally click on <strong>Log Output</strong> to view the Account ID, User ID, and ARN associated with the credentials provided.</p>\n<p>Now that the credentials are set up, you can begin to test out other automation Jobs. Those Jobs will specify which IAM permissions are required.</p>\n<p>If this Job failed, then the credentials were unable to authenticate. You can click on <strong>Previous</strong> to revisit the Project configuration and Key Storage.</p>\n<p>Otherwise, click <strong>Next</strong>.</p>"},{"currentUrl":"project/automated-diagnostics/jobs","title":"Select Next Job","content":"<p>Now that your AWS Credentials have been configured, there are a number of automation Jobs that can be invoked within the <strong>AWS</strong> Group.</p>\n<p>Click on any of those that are relevant to your environment and follow the instructions in the Job Description and ReadMe.</p>\n<p>Alternatively, if you would like to configure EC2's so that they can be sent commands via SSH or Systems Manager (SSM), then click on <strong>Tours</strong> and then select <strong>Configure EC2 Inventory</strong>.</p>"},{"title":"Congratulations","content":"<h4 id=\"congratulations\">Congratulations!</h4>\n<p>You have finished this tour!</p>\n<p>Click <strong>X</strong> in the upper-right to exit and continue exploring the platform.</p>"}],"key":"Configure_AWS_Credentials","enabled":true}