{"name":"4. Send Diagnostic Data to PagerDuty","description":"Guide users through integrating the Automated-Diagnostics Project with their PagerDuty Account","steps":[{"title":"Welcome","content":"<h5 id=\"welcome\">Welcome!</h5>\n<p>This tour will guide you through integrating Runbook Automation with PagerDuty Incident Response.</p>\n<p>The integration will allow you to automate tasks such as updating Incidents and managing users.</p>\n<p>Let's get started.  Click <strong>Next</strong>.</p>","selected":false},{"title":"Generate PD API Token","content":"<p>In order to automate tasks in PagerDuty, you will need an API Token.</p>\n<p>This can be a <a href=\"https://support.pagerduty.com/docs/api-access-keys#section-generate-a-general-access-rest-api-key\"><strong>general access key</strong></a> or it can be a <a href=\"https://support.pagerduty.com/docs/api-access-keys#generate-a-user-token-rest-api-key\"><strong>User Token API Key</strong></a>.</p>\n<p>For this guide, it is best if the API Key is a \"Full Access\" key, rather than a read-only key.</p>\n<p>Once you have an API Key ready, click <strong>Next</strong>.</p>","selected":false},{"currentUrl":"menu/storage","title":"Add API Token to Key Storage","content":"<p>Click on the <strong>Projects</strong> dropdown.</p>\n<p>Click on <strong>automated-diagnostics</strong>.</p>\n<p>Click on <strong>Add or Upload a Key</strong>.</p>\n<p>Select the <strong>Key Type</strong> dropdown and select <strong>Password</strong>.</p>\n<p>Place your PagerDuty API Token into the Password field.</p>\n<p>Name the key - for example, <code>pd-api-token</code>.</p>\n<p>Click <strong>Save</strong> and then click <strong>Next</strong>.</p>","selected":false},{"currentUrl":"project/automated-diagnostics/configure","title":"Modify Project Configuration","content":"<p>This is the Project Configuration where you can set project-level integrations.</p>\n<p>If you named your PagerDuty API Token <code>pd-api-token</code> in the last step, then you can skip this step and click <strong>Next</strong>.</p>\n<p>Otherwise, click on <strong>Edit Configuration</strong>.</p>\n<p>Find the following property:</p>\n<pre><code>project.plugin.WorkflowStep.pd-note-step.api_token</code></pre>\n<p>Modify the value after <code>keys/project/automated-diagnostics/</code> to match the name you assigned your API Token in the previous step.</p>\n<p>Click <strong>Save</strong> and then click <strong>Next</strong>.</p>","selected":false},{"currentUrl":"project/automated-diagnostics/jobs","title":"Initial Validation of Credentials","content":"<p>Now that the PagerDuty API Token is set, let's test the integration.</p>\n<p>Click on <strong>PagerDuty Integration</strong> within the <strong>Validate Integrations</strong> Job Group.</p>\n<p>Click <strong>Next</strong>.</p>","selected":false},{"title":"Place Incident ID into Test Job","content":"<p>In order to test this integration, you will need a PagerDuty Incident ID to test with.</p>\n<p>Select an Incident that is \"safe\" for adding a note to the Incdient timeline.</p>\n<p>The Incident ID is the series of letters and numbers that follow <strong><code>pagerduty.com/incidents/</code></strong> in the URL <em>when viewing an incident</em>.</p>\n<p>Place the Incident ID into the <strong>Incident ID</strong> field.</p>\n<p>Click <strong>Next</strong>.</p>","selected":false},{"title":"Optionally Add PD User Email","content":"<p>If you used a <strong>General Access</strong> API Token, then place the email adress of a valid PagerDuty User into the <strong>PagerDuty User's Email</strong> field.</p>\n<p>Optionally change the <strong>Test Note</strong> field.</p>\n<p>When ready, click <strong>Run Job Now</strong>.</p>","selected":false},{"title":"Job Success","content":"<p>If the automation was successful, then you will see a green checkmark next to the Job title.  </p>\n<p>You can also confirm this by checking that the test-note was added to the Incident timeline of the selected PagerDuty Incident.</p>\n<p>If the integration was unsuccessful, check that the credentials were placed correctly by revisiting prior steps of the tour.</p>\n<p>Click <strong>Next</strong>.</p>","selected":false},{"currentUrl":"project/automated-diagnostics/jobs","title":"Test with Real Diagnostic Data","content":"<p>Now that we have validated the integration with PagerDuty, we can test sending data from one of the diagnostic Jobs to your incidents.</p>\n<p>The pre-configured Jobs to do this are <strong>CPU, Memory & Disk to PagerDuty Incident</strong> as well as <strong>RDS Status to PagerDuty Incident</strong>.</p>\n<p>Once you've chosen one of these Jobs, follow the same steps to fill in the <strong>Incident ID</strong> and <strong>User Email</strong> fields.</p>\n<p>Click <strong>Next</strong>.</p>\n<p><strong><em>Note:</em></strong> The CPU, Memory &amp; Disk automation assumes you have configured SSH or SSM. If not, follow the relevant tour.</p>","selected":false},{"title":"Select Nodes and Run Diagnostic Job","content":"<p>If you selected <strong>CPU, Memory & Disk to PagerDuty Incident</strong>, you will need to select a target Node:</p>\n<p>To select a Node, click <strong>Change the Target Nodes</strong>.</p>\n<p>Click the dropdown and select <strong>Show all nodes</strong>.</p>\n<p>Click on a desired Node and then click the small <strong>arrow</strong> next to its name.</p>\n<p>Click <strong>Run Job Now</strong> and then click <strong>Next</strong>.</p>","selected":false},{"updateKey":1653411097481,"title":"Conclude and What's next","content":"<p>If this Job was successful, then you will see the diagnostic data added to the incident timeline.</p>\n<p>Now that you have completed the integration, you can leverage the bidirectional communication with <strong>Automation Actions</strong>.</p>\n<p>Follow the <a href=\"https://support.pagerduty.com/docs/automation-actions#configure-automation-actions\">documentation</a> to invoke these Jobs from Automation Actions.</p>\n<h4 id=\"congratulations\">Congratulations!</h4>\n<p>You have completed the final tour for automated-diagnostics. You are now ready to begin adding to these template Jobs or building your own.</p>\n<p>To learn the core pieces for building your own automation, see the <strong>Runbook Automation General Guide</strong> tour.</p>\n<p>Click <strong>X</strong> in the upper-right to exit this tour.</p>"}],"key":"Send_Diagnostic_Data_to_PagerDuty","enabled":true}