{"name":"Configure EC2 Inventory","description":"Add EC2 VMs to the Node Inventory and configure SSH or SSM communication.","steps":[{"nextStepUrl":"project/automated-diagnostics/nodes/sources","title":"Welcome","content":"<h5 id=\"welcome\">Welcome</h5>\n<p>This tour will guide you through adding EC2 Instances to the Node Inventory. This allows you to send commands, scripts, and files to your remote nodes.</p>\n<p>With the EC2's added, you can then choose to use SSH or Systems Manager (SSM) as the method of communication.</p>\n<p>Click <strong>Next</strong>.</p>"},{"currentUrl":"project/automated-diagnostics/nodes/sources","title":"Add EC2 Node Inventory","content":"<p>Click on <strong>Add a new Node Source+</strong> and then click on <strong>AWS EC2 Resources</strong>.</p>\n<p>Then click <strong>Next</strong>.</p>"},{"currentUrl":"project/automated-diagnostics/nodes/sources","title":"Configure Node Source Plugin","content":"<p>Start by adding in your AWS Access Key and Secret Key.</p>\n<p>If you followed the <strong>Add AWS Credentials</strong> tour, then you can use the same Secret Key from key-storage. Otherwise, follow <a href=\"https://docs.rundeck.com/docs/manual/system-configs.html#key-storage\">this doc</a> to add it to Key Storage - be sure to use the <strong><em>Password</em></strong> type for the key.</p>\n<p>Optionally, you can place the Secret Key directly into the <strong>Secret Key</strong> field - it will be hashed and encrypted.</p>\n<p>Click <strong>Next</strong>.</p>"},{"currentUrl":"project/automated-diagnostics/nodes/sources","title":"Configure Endpoint Field","content":"<p>The next <em>mandatory</em> field is the <strong>Endpoint</strong> field. Here you specify which region (or regions) you want to integrate with for populating the Node Inventory with EC2's.</p>\n<p>Click on <strong><em>more\u2026</em></strong> beneath the field to see example syntax.</p>\n<p>For the full documentation on all of the customizable fields, click <a href=\"https://docs.rundeck.com/docs/manual/projects/resource-model-sources/aws.html\">here.</a></p>\n<p>Click <strong>next</strong>.</p>"},{"currentUrl":"project/automated-diagnostics/nodes/sources","nextStepUrl":"project/automated-diagnostics/nodes","title":"Complete Configuration and Test","content":"<p>After you have completed configuring all mandatory and desired fields, click <strong>Save</strong> for the Node Source.</p>\n<p>Click <strong>Save</strong> again at the bottom of the webpage.</p>\n<p>Click <strong>Next</strong>.</p>"},{"currentUrl":"project/automated-diagnostics/nodes","title":"Test EC2 Integration","content":"<p>If the credentials provided have the correct permissions, then the EC2 instances will appear here.</p>\n<p>Click on <strong>All Nodes</strong> beneath <strong>FILTERS</strong>.</p>\n<p>If you do not see them here, refresh the webpage once or twice.</p>\n<p>If the EC2's are still not present, return to the <strong>Node Source</strong> configuration, by navigating to <strong>Project Settings -> Edit Nodes -> Sources.</strong></p>"},{"title":"Wrap Up & Suggest Next Tour","content":"<p>If the EC2 instances are present, then you have completed this tour.</p>\n<p>To set up connectivity to the EC2 instances, either via Systems Manager (SSM) or SSH, then return to the <strong>Tours</strong> menu in the lower right and choose the respective tour.</p>"},{"updateKey":1652382402338,"title":"Congratulations","content":"<h4 id=\"congratulations\">Congratulations!</h4>\n<p>You have finished this tour!</p>\n<p>Click <strong>X</strong> in the upper-right to exit and continue exploring the platform.</p>"}],"key":"Configure_EC2_Inventory","enabled":true}