{"name":"Systems Manager (SSM) Integration","description":"Integrate with SSM to send commands and scripts to EC2's","steps":[{"title":"Welcome","content":"<h5 id=\"welcome\">Welcome</h5>\n<p>Welcome to the Systems Manager tour.</p>\n<p>Here you will be guided to integrate with SSM to send commands and scripts to EC2's.</p>\n<p><strong>Prerequisite</strong>: EC2's should already be populated in the Node Inventory.  Check this by navigating to the <strong>Nodes</strong> page and click on <strong>All Nodes</strong> beneath <strong>Filters</strong>.</p>\n<p>If your EC2's are not present, then follow the <strong>Configure EC2 Inventory</strong> tour, or use the <a href=\"https://docs.rundeck.com/docs/manual/projects/resource-model-sources/node-wizard.html\" target=\"_blank\"> Node Wizard</a> to add individual EC2's.</p>\n<p>With EC2's present, click <strong>Next</strong>.</p>"},{"currentUrl":"project/automated-diagnostics/nodes","nextStepUrl":"project/automated-diagnostics/nodes/sources","title":"Ensure EC2's use SSM","content":"<p>Before moving forward, be sure that SSM has been configured within your AWS account for these EC2's.</p>\n<p>If you are unsure, review the <strong>Systems Manager Configuration</strong> section of <a href=\"https://docs.rundeck.com/docs/manual/projects/node-execution/aws-ssm.html#configuration-and-credential-settings\">this doc</a>.</p>\n<p>Once you have confirmed that you can use the <strong>Run Command</strong> function of SSM on your EC2's, click <strong>Next</strong>.</p>"},{"currentUrl":"project/automated-diagnostics/nodes/sources","title":"Add property to Node Source","content":"<p>If you have already configured the <strong>AWS EC2 Resources</strong> Node Source, then click <strong>Edit</strong>.</p>\n<p>Copy the following and place into the <strong>Mapping Params</strong> field.</p>\n<pre><code>ssm-accessKeyId.default=YOUR_ACCESS_KEY;ssm-secretKey.default=KEY_STORAGE_PATH</code></pre>\n<p>Click <strong>Next</strong>.</p>"},{"currentUrl":"project/automated-diagnostics/nodes/sources","title":"Replace Keys with Credentials","content":"<p>Replace <code>YOUR_ACCESS_KEY</code> with an AWS Key that has the <strong>AmazonSSMAutomationRole</strong> policy associated with it.</p>\n<p>Replace <code>SECRET_KEY_PATH</code> with a path in <strong>Key Storage</strong> where your AWS Secret resides. For example, <code>keys/aws_secret</code>.</p>\n<p>These can be the same keys that were used in the <strong>Access Key</strong> and <strong>Secret Key Storage Path</strong> fields above in the <strong>AWS EC2 Resources</strong> Node Source.</p>\n<p>Click <strong>Save</strong> at the bottom of the Node Source.</p>\n<p>Click <strong>Save</strong> at the bottom of the webpage to commit the changes.</p>\n<p>Clikc <strong>Next</strong>.</p>"},{"currentUrl":"project/automated-diagnostics/command/run","title":"Test Command Sent via SSM","content":"<p>Let's test executing a command on an EC2 using SSM.</p>\n<p>Click the dropdown arrow next to <strong>Nodes</strong> and click <strong>Show all nodes</strong>.</p>\n<p>Click on one of the EC2 instances, and then click the small <strong>arrow</strong> to the right of the instance name.</p>\n<p>There should now be a single EC2 displayed on the page.</p>\n<p>In the <code>Enter a command</code> field, type in a simple unix command, such as <code>pwd</code> or <code>ls -lhr</code>.</p>\n<p>Then click <strong>Run on 1 Node</strong>.</p>\n<p>Click <strong>Next</strong>.</p>"},{"currentUrl":"project/automated-diagnostics/command/run","nextStepUrl":"project/automated-diagnostics/jobs","title":"Verify Success","content":"<p>If the operation was successful, you will see the output below the command field and it will say <strong>Succeeded</strong>.</p>\n<p>If there is an error, it is likely because either the EC2 selected has not been configured to use SSM within your AWS Account, or the credentials provided do not have proper permissions.</p>\n<p>To help troubleshoot, review this <a href=\"https://docs.rundeck.com/docs/manual/projects/node-execution/aws-ssm.html#aws-systems-manager-ssm-node-executor-plugins-enterprise\">documentation</a>.</p>\n<p>If the command successfully executed, click <strong>Next</strong>.</p>"},{"currentUrl":"project/automated-diagnostics/jobs","title":"Test CPU & Memory Diagnostics Job","content":"<p>Now that commands can be sent to EC2's using SSM, we can use specific commands as Job Steps.</p>\n<p>Click on <strong>Top CPU & Memory Processes</strong> in the Linux group.</p>\n<p>This Job is comprised of two steps. The first fetches the top CPU consuming processes. The second fetches the top Memory consuming processes.</p>\n<p>Optionally view the Job definition by clicking on <strong>Readme</strong> and then <strong>Definition</strong>.</p>\n<p>To execute this Job on a specific linux instance, click on <strong>Change the Target Nodes</strong>.</p>\n<p>You can optionally use <strong>Select None</strong> and then select a specific instance to target.</p>\n<p>Click <strong>Next</strong>.</p>"},{"title":"Run CPU & Memory Job","content":"<p>Click <strong>Run Job Now</strong>.</p>\n<p>Click on <strong>Log Output</strong> to view the live log output of the commands in this Job.</p>\n<p>Once the Job has completed, the page will say <strong>Succeeded</strong> at the top.</p>\n<p>If there is an error here, but there were no errors when executing the ad-hoc commands such as <code>pwd</code> or <code>ls -lhr</code>, then it might be that the user associated with SSM does not have permissions to execute these commands.</p>\n<p>Use <a href=\"https://docs.rundeck.com/docs/manual/projects/node-execution/aws-ssm.html#configuration-and-credential-settings\">this doc</a> to help resolve SSM specific configuration items.</p>\n<p>Click <strong>Next</strong>.</p>"},{"title":"Wrap up and Move On","content":"<p>Now that you have successfully executed commands on a linux instance using a Job, you can test out other Jobs that use remote-commands.</p>\n<p>Otherwise, you can check out the <strong>Push Diagnostic Data to PagerDuty</strong> tour. This tour will guide you through using the <strong>PagerDuty Integration</strong> to publish the diagnostic-data to the Incident Timeline of a PagerDuty Incident.</p>"},{"updateKey":1652382394432,"title":"Congratulations","content":"<h4 id=\"congratulations\">Congratulations!</h4>\n<p>You have finished this tour!</p>\n<p>Click <strong>X</strong> in the upper-right to exit and continue exploring the platform.</p>"}],"key":"Systems_Manager_(SSM)_Integration","enabled":true}