{"name":"3b. Configure SSH Connectivity","description":"SSH connectivity to send commands and scripts to remote-nodes.","steps":[{"nextStepUrl":"menu/storage","title":"Welcome","content":"<h5 id=\"welcome\">Welcome</h5>\n<p>This guide will walk you through the configuration of connecting to remote-nodes using SSH.</p>\n<p><strong>Prerequisite</strong>: If you are using the Runbook Automation (SaaS) product, then be sure to <strong>install an <a href=\"https://docs.rundeck.com/docs/administration/runner\">Enterprise Runner</a></strong> in the environment where your remote-nodes reside.</p>\n<p>Click <strong>Next</strong>.</p>"},{"currentUrl":"menu/storage","nextStepUrl":"project/automated-diagnostics/configure","updateKey":1654207142643,"title":"Add SSH Key to Key Storage","content":"<p>Click on the <strong>Projects</strong> dropdown to the right of the <strong>Keys</strong> field, and click on <strong>automated-diagnostics</strong>.</p>\n<p>Click on <strong>Add or Upload a Key</strong>.</p>\n<p>If using key-based authentication, then select <strong>Private Key</strong> and either copy/paste your private key here, or use the <strong>Upload File</strong> option.</p>\n<p>Otherwise, select the <strong>Password</strong> Key Type and paste in the SSH password.</p>\n<p>Specify a name for the password and then click <strong>Save</strong>.</p>\n<p>Click <strong>Next</strong>.</p>"},{"currentUrl":"project/automated-diagnostics/configure","title":"Configure Default Node Executor","content":"<p>Click on <strong>Default Node Executor</strong>.</p>\n<p>If you used a Private Key, click on <strong>Select</strong> for the <strong>SSH Key Storage Path</strong>.</p>\n<p>Otherwise, click on <strong>Select</strong> for the <strong>SSH Password Storage Path</strong>.</p>\n<p>If you need to make use of the more advanced SSH Options, see <a href=\"https://docs.rundeck.com/docs/manual/projects/node-execution/ssh.html#ssh-system-configuration\">this documentation</a>.</p>\n<p>Click <strong>Save</strong> and then click <strong>Next</strong>.</p>"},{"currentUrl":"project/automated-diagnostics/nodes/sources","nextStepUrl":"project/automated-diagnostics/command/run","title":"Set username for Node Source","content":"<p>This guide assumes that you have already configured a Node Source, such as the <strong>AWS EC2 Resource</strong>.</p>\n<p>If not, see the <strong>Configure EC2 Inventory</strong> tour.</p>\n<p>Click <strong>Edit</strong> for the Node Source.</p>\n<p>In the <strong>Mapping Params</strong> field, add the following property:</p>\n<pre><code>username.default={{ssh_username}}</code></pre>\n<p>Replace <code>{{ssh_username}}</code> with the SSH user to be used for sending commands from the Runner to your remote nodes.</p>\n<p>Click <strong>Save</strong> for the Node Source and then <strong>Save</strong> again at the bottom of the page.</p>\n<p>Click <strong>Next</strong>.</p>"},{"currentUrl":"project/automated-diagnostics/command/run","title":"Test SSH Commands to Nodes","content":"<p>Let's test executing a command on an EC2 using SSH.</p>\n<p>Click the dropdown arrow next to <strong>Nodes</strong> and click <strong>Show all nodes</strong>.</p>\n<p>Click on one of the EC2 instances, and then click the small <strong>arrow</strong> to the right of the instance name.</p>\n<p>There should now be a single EC2 displayed on the page.</p>\n<p>In the <code>Enter a command</code> field, type in a simple unix command, such as <code>pwd</code> or <code>ls -lhr</code>.</p>\n<p>Then click <strong>Run on 1 Node</strong>.</p>\n<p>Click <strong>Next</strong>.</p>"},{"currentUrl":"project/automated-diagnostics/command/run","title":"Validate Ad-Hoc Command Success","content":"<p>If the operation was successful, you will see the output below the command field and it will say <strong>Succeeded</strong>.</p>\n<p>If there is an error, it is either because the credentials used do not have permissions or a configuration error with the Runner.</p>\n<p>Click <strong>Previous</strong> to revisit the credentials configuration steps.</p>\n<p>Or see <a href=\"https://docs.rundeck.com/docs/administration/runner/\">this doc</a> for configuring the Runner.</p>\n<p>If the command successfully executed, click <strong>Next</strong>.</p>"},{"currentUrl":"project/automated-diagnostics/jobs","title":"Test CPU & Memory Diagnostics Job","content":"<p>Now that commands can be sent to nodes using SSH, we can use specific commands as Job Steps.</p>\n<p>Click on <strong>Top CPU & Memory Consuming Processes</strong> in the Linux group.</p>\n<p>To choose which node this Job will run on, click on <strong>Change the Target Nodes</strong> and then click the dropdown arrow to the left of <code>${option.node_filter}</code>.</p>\n<p>Click on <strong>Show all nodes</strong>, then select an individual node by clicking on the instance name and then the <strong>arrow</strong> to the right of the name.</p>\n<p>Click <strong>Next</strong>.</p>"},{"title":"Run CPU & Memory Job","content":"<p>Click <strong>Run Job Now</strong>.</p>\n<p>Click on <strong>Log Output</strong> to view the log output of the commands in this Job.</p>\n<p>Once the Job has completed, the page will say <strong>Succeeded</strong> at the top.</p>\n<p>If there is an error here, but there were no errors when executing the ad-hoc commands such as <code>pwd</code> or <code>ls -lhr</code>, then it might be that the SSH user does not have permissions to execute these commands.</p>\n<p>Use <a href=\"https://docs.rundeck.com/docs/manual/projects/node-execution/ssh.html\">this doc</a> to help resolve SSH specific configuration items.</p>\n<p>Click <strong>Next</strong>.</p>"},{"currentUrl":"project/automated-diagnostics/jobs","title":"Wrap Up & Move On","content":"<p>Now that you have successfully executed commands on a linux instance using a Job, you can test out other Jobs that use remote-commands.</p>\n<p>Otherwise, you can check out the <strong>Send Diagnostic Data to PagerDuty</strong> tour. This tour will guide you through using the PagerDuty Integration to publish the diagnostic-data to the Incident Timeline of a PagerDuty Incident.</p>\n<p>Click <strong>Next</strong>.</p>"},{"title":"Congratulations","content":"<h4 id=\"congratulations\">Congratulations!</h4>\n<p>You have finished this tour!</p>\n<p>Click <strong>X</strong> in the upper-right to exit and continue exploring the platform.</p>"}],"key":"Configure_SSH_Connectivity","enabled":true}